motif	search.region	category	Length, log10	Sequences, log10	RNAphylo, log10	hmmpair, log10	Avgerage SI %	Paired positions %	Alignment power %	Covarying bps %
K00008_upstream.fna.motif.h1_2	has CMsearch ref	High covariation	1.7160033436347992	1.462397997898956	1.5510838651857803	0	48.32	66.66666666666666	35.88235294117647	35.294117647058826
K00012_upstream.fna.motif.h1_3	has CMsearch ref	Conserved sequence (low covariation and power)	1.6901960800285136	1.2041199826559248	0.888179493918325	0.3504534840763774	54.13	75	17.77777777777778	5.555555555555555
K00031_upstream.fna.motif.h2_3.h2_5	has CMsearch ref	High power (low covariation)	2.089905111439398	1.6334684555795866	0.9289076902439528	7.542128196562185e-5	72.74	50.81967213114754	20.64516129032258	0
K00031_upstream.fna.motif.h2_4	w/o ref	Conserved sequence (low covariation and power)	1.8388490907372552	1.3617278360175928	1.0056094453602804	0.27873051415884703	75.7	70.58823529411765	7.5	0
K00036_upstream.fna.motif.h1_1	w/o ref	High covariation	1.7323937598229686	1.2787536009528289	1.6874397745458942	0.6586437651455104	50.42	60.37735849056604	21.25	37.5
K00075_upstream.fna.motif.h2_1	w/o ref	High power (low covariation)	1.845098040014257	1.5440680443502757	1.6287974855667102	0.4729961955719194	58.37	23.18840579710145	20	12.5
K00133_upstream.fna.motif.h2_2	w/o ref	High power (low covariation)	1.845098040014257	1.414973347970818	1.3040594662175993	0	63.88	31.88405797101449	20	18.181818181818183
K00133_upstream.fna.motif.h2_1	w/o ref	Conserved sequence (low covariation and power)	1.7160033436347992	1.380211241711606	0.9845273133437926	0.13540396089443207	78.71	43.13725490196079	9.090909090909092	9.090909090909092
K00133_upstream.fna.motif.h1_3	w/o ref	High power (low covariation)	1.7075701760979365	1.6532125137753435	1.332034277027518	0	66.32	40	20	0
K00133_upstream.fna.motif.h2_5	w/o ref	Conserved sequence (low covariation and power)	1.8976270912904416	1.462397997898956	1.1696744340588068	0.1742639624963486	76.1	56.41025641025641	10.909090909090908	0
K00145_upstream.fna.motif.h1_5.h2_4.h2_1.h1_1	w/o ref	Conserved sequence (low covariation and power)	2.2355284469075487	1.5563025007672873	2.0775495804517936	5.757055378409446e-4	74.13	37.42690058479532	15.625	0
K00147_upstream.fna.motif.h1_1	w/o ref	High covariation	1.5314789170422551	0.9030899869919436	1.4367985102318035	0.49757783963023133	58.42	54.54545454545454	5.555555555555555	22.22222222222222
K00215_upstream.fna.motif.h1_5.h2_5	has CMsearch ref	Conserved sequence (low covariation and power)	1.8325089127062364	1.7323937598229686	0.8444771757456815	0	78	35.82089552238806	12.5	8.333333333333332
K00215_upstream.fna.motif.h1_2.h2_1	has CMsearch ref	High power (low covariation)	1.7242758696007892	1.740362689494244	1.0437551269686796	0	77.59	50	23.846153846153847	0
K00215_upstream.fna.motif.h1_4.h2_2.h2_3	has CMsearch ref	High power (low covariation)	2.113943352306837	1.6989700043360187	1.4369573306694496	0	73.91	35.65891472868217	20.869565217391305	0
K00228_upstream.fna.motif.h2_2	w/o ref	Conserved sequence (low covariation and power)	1.9867717342662448	1.3424226808222062	1.388633969351789	0.38377229331743057	83.72	54.166666666666664	3.076923076923077	0
K00228_upstream.fna.motif.h1_1.h1_4	w/o ref	Conserved sequence (low covariation and power)	1.9242792860618816	1.3617278360175928	1.5094713521025485	0.01182557479642807	76.7	40.963855421686745	7.647058823529412	0
K00228_upstream.fna.motif.h1_2	has CMsearch ref	High power (low covariation)	1.4913616938342726	1.4771212547196624	1.2024883170600935	0.27703428179589074	63.84	80	20.833333333333336	16.666666666666664
K00259_upstream.fna.motif.h2_1	has CMsearch ref	Conserved sequence (low covariation and power)	1.7993405494535817	1.7075701760979365	1.1550322287909702	0	75.98	19.35483870967742	13.333333333333334	0
K00297_upstream.fna.motif.h2_1	w/o ref	High power (low covariation)	2.0253058652647704	1.792391689498254	0.8893017025063104	0.01904056283598317	72.03	32.38095238095238	28.235294117647054	0
K00297_upstream.fna.motif.h1_1.h1_3	w/o ref	High power (low covariation)	1.8750612633917	1.7853298350107671	1.0726174765452363	0.03136850732124203	73.48	54.054054054054056	24	0
K00311_upstream.fna.motif.h1_3.h1_4	w/o ref	Conserved sequence (low covariation and power)	1.8195439355418688	1.505149978319906	0.9439888750737718	0	76.26	43.07692307692308	15	0
K00324_upstream.fna.motif.h2_1	w/o ref	Conserved sequence (low covariation and power)	1.8976270912904416	1.7160033436347992	1.285107029566812	0	78.89	43.58974358974359	18.823529411764707	0
K00324_upstream.fna.motif.h1_5	w/o ref	Conserved sequence (low covariation and power)	1.6127838567197357	1.6434526764861874	1.0629578340845105	0	78.82	50	17	0
K00436_upstream.fna.motif.h1_4.h2_2	w/o ref	High power (low covariation)	2.1335389083702174	1.7853298350107671	2.026737494238748	0.18608631086839444	55.52	32.592592592592595	26.81818181818182	4.545454545454546
K00436_upstream.fna.motif.h2_1	w/o ref	High power (low covariation)	1.8129133566428557	1.7781512503836436	1.1687920203141815	0	60.07	21.875	24.285714285714285	0
K00688_upstream.fna.motif.h2_2	has CMsearch ref	Conserved sequence (low covariation and power)	1.8388490907372552	1.6434526764861874	1.327563260187278	0	74.54	41.17647058823529	17.142857142857142	0
K00748_upstream.fna.motif.h1_1.h2_1	has CMsearch ref	Conserved sequence (low covariation and power)	2.0492180226701815	1.4313637641589874	1.1556396337597763	0.2404508969022416	58.07	37.83783783783784	10.476190476190476	4.761904761904762
K00772_upstream.fna.motif.h1_5	w/o ref	Conserved sequence (low covariation and power)	1.740362689494244	1.414973347970818	0.9680157139936416	0.1912654075396238	77.68	62.96296296296296	7.647058823529412	5.88235294117647
K00790_upstream.fna.motif.h2_4.h2_5	has CMsearch ref	Conserved sequence (low covariation and power)	2.096910013008056	1.4771212547196624	1.389343311252078	0	75.88	32.25806451612903	12.5	0
K00791_upstream.fna.motif.h1_4	w/o ref	High power (low covariation)	1.5563025007672873	2.012837224705172	1.698622429702098	0	72.02	45.714285714285715	21.25	0
K00791_upstream.fna.motif.h2_4	w/o ref	Conserved sequence (low covariation and power)	1.9542425094393248	1.5440680443502757	1.3622939379642311	0.23082812478302217	80.36	42.69662921348314	7.894736842105263	0
K00793_upstream.fna.motif.h2_1.h2_3	w/o ref	Conserved sequence (low covariation and power)	2.0170333392987803	1.3979400086720375	1.426673888021373	0.4529328090839107	81.03	58.252427184466015	8	0
K00793_upstream.fna.motif.h1_3	w/o ref	High power (low covariation)	1.662757831681574	1.7853298350107671	1.2819419334408249	0	63.52	22.22222222222222	40	0
K00793_upstream.fna.motif.h2_2.h2_5	w/o ref	Conserved sequence (low covariation and power)	2.0253058652647704	1.505149978319906	0.7543483357110189	2.6620654119800503e-5	82.03	49.523809523809526	11.923076923076923	0
K00793_upstream.fna.motif.h2_4	w/o ref	Conserved sequence (low covariation and power)	1.9590413923210936	1.5185139398778875	0.7218106152125465	0.03897107153920471	78.64	42.22222222222222	14.210526315789473	0
K00793_upstream.fna.motif.h1_1	has CMsearch ref	High power (low covariation)	1.5314789170422551	1.9912260756924949	1.0542299098633974	0	71.06	30.303030303030305	42.00000000000001	0
K00820_upstream.fna.motif.h1_1	w/o ref	Conserved sequence (low covariation and power)	1.5314789170422551	1.414973347970818	1.1705550585212086	0.20431211545791889	86.62	72.72727272727273	2.5	8.333333333333332
K00940_upstream.fna.motif.h2_2.h2_5	w/o ref	High power (low covariation)	2.0293837776852097	1.869231719730976	1.1119342763326816	0.03872663647316745	60.01	47.16981132075472	28.800000000000004	0
K00940_upstream.fna.motif.h1_4.h2_1	w/o ref	High power (low covariation)	1.9344984512435677	1.6232492903979006	0.9809119377768436	0	61.89	11.76470588235294	36	0
K00981_upstream.fna.motif.h1_4	has CMsearch ref	High covariation	1.7781512503836436	1.4313637641589874	1.9997827984541356	0	50.51	54.23728813559322	30	43.75
K00981_upstream.fna.motif.h1_1	w/o ref	Conserved sequence (low covariation and power)	1.505149978319906	1.2787536009528289	1.5954962218255742	0.4758367406155865	69.89	70.96774193548387	8.181818181818182	18.181818181818183
K01000_upstream.fna.motif.h1_1.h1_3	has CMsearch ref	Conserved sequence (low covariation and power)	2.004321373782642	1.4313637641589874	0.9978230807457256	0.28754577895952343	85.66	52	4.230769230769231	3.8461538461538463
K01056_upstream.fna.motif.h1_1	has CMsearch ref	Conserved sequence (low covariation and power)	1.57978359661681	1.4313637641589874	1.0265332645232967	0.34443157457486223	82.16	37.83783783783784	2.857142857142857	14.285714285714285
K01071_upstream.fna.motif.h1_1	w/o ref	High covariation	1.5563025007672873	1.0791812460476249	1.6195107208384985	0.4000403811213189	50.68	57.14285714285714	18	60
K01082_upstream.fna.motif.h1_5	w/o ref	High power (low covariation)	1.6334684555795866	1.7481880270062005	1.1789769472931697	0	73.05	61.904761904761905	23.846153846153847	0
K01159_upstream.fna.motif.h1_3	has CMsearch ref	Conserved sequence (low covariation and power)	1.5563025007672873	1.462397997898956	0.8061799739838872	0.26604062155365316	78.95	34.285714285714285	10	16.666666666666664
K01191_upstream.fna.motif.h1_4	w/o ref	High power (low covariation)	1.6434526764861874	1.7853298350107671	1.3316297176299323	0.01991722995605044	70.09	51.162790697674424	40	9.090909090909092
K01251_upstream.fna.motif.h1_4	has CMsearch ref	Conserved sequence (low covariation and power)	1.6812412373755872	1.414973347970818	1.132579847659737	0.2597219028318058	83.45	29.78723404255319	8.571428571428571	14.285714285714285
K01265_upstream.fna.motif.h2_1	w/o ref	Conserved sequence (low covariation and power)	1.863322860120456	1.462397997898956	1.54282542695918	0	82	47.22222222222222	2.941176470588235	5.88235294117647
K01347_upstream.fna.motif.h2_4	w/o ref	High power (low covariation)	1.9493900066449128	1.5185139398778875	1.7432745235119331	0.11011509374633024	59.64	56.81818181818182	29.600000000000005	0
K01356_upstream.fna.motif.h1_5	has CMsearch ref	High power (low covariation)	1.7323937598229686	2.0170333392987803	1.498172660636544	0	59.96	52.83018867924528	61.42857142857142	7.142857142857142
K01424_upstream.fna.motif.h1_1	has CMsearch ref	High power (low covariation)	1.9084850188786495	1.6232492903979006	1.5563025007672873	0.01644104232288698	56.34	32.5	30.76923076923077	15.384615384615383
K01437_upstream.fna.motif.h1_4.h2_1.h1_2	has CMsearch ref	High power (low covariation)	1.9542425094393248	1.7634279935629371	1.571009672309305	1.7455086514416916e-4	58.08	17.97752808988764	21.25	0
K01465_upstream.fna.motif.h2_1	has CMsearch ref	Conserved sequence (low covariation and power)	1.845098040014257	1.5314789170422551	1.1112625136590653	0.05718095960027937	79.78	40.57971014492754	7.142857142857142	0
K01524_upstream.fna.motif.h1_2	w/o ref	High power (low covariation)	1.6434526764861874	1.7323937598229686	1.5493711523331772	0	62.13	41.86046511627907	31.11111111111111	0
K01537_upstream.fna.motif.h2_3	has CMsearch ref	High covariation	1.869231719730976	1.9138138523837167	1.800648355363988	0	44.54	24.65753424657534	63.33333333333333	44.44444444444444
K01579_upstream.fna.motif.h1_3	has CMsearch ref	High power (low covariation)	1.6989700043360187	1.380211241711606	1.4825877695267675	0.49032936872193345	50.78	44.89795918367347	30	9.090909090909092
K01624_upstream.fna.motif.h1_2	w/o ref	Conserved sequence (low covariation and power)	1.5563025007672873	1.230448921378274	1.1911714557285586	0	84.25	28.57142857142857	0	0
K01626_upstream.fna.motif.h2_1.h2_3	w/o ref	Conserved sequence (low covariation and power)	2.1072099696478683	1.462397997898956	1.440121603187804	9.345509291262094e-4	86.97	45.66929133858268	2.413793103448276	0
K01626_upstream.fna.motif.h1_5.h2_4	w/o ref	High power (low covariation)	2.089905111439398	1.7853298350107671	1.0437551269686796	0	58.84	13.114754098360656	22.5	0
K01626_upstream.fna.motif.h2_2	w/o ref	Conserved sequence (low covariation and power)	1.6232492903979006	1.7075701760979365	1.049605612594973	2.866945558061977e-13	76.63	39.02439024390244	15	0
K01649_upstream.fna.motif.h1_3	w/o ref	Conserved sequence (low covariation and power)	1.6720978579357175	1.146128035678238	1.6694098672877826	0	80.52	56.52173913043478	0	0
K01649_upstream.fna.motif.h2_2	has CMsearch ref	Conserved sequence (low covariation and power)	1.968482948553935	1.255272505103306	1.833784374656479	0.10164639116646527	61.37	34.78260869565217	5	6.25
K01649_upstream.fna.motif.h1_1	w/o ref	Conserved sequence (low covariation and power)	1.6334684555795866	1.1139433523068367	1.3560258571931227	0	83.37	66.66666666666666	0.7142857142857143	0
K01652_upstream.fna.motif.h1_1	has CMsearch ref	High covariation	1.5185139398778875	2.0086001717619175	1.7880976333802974	0	55.12	62.5	65.99999999999999	50
K01652_upstream.fna.motif.h1_2	w/o ref	High covariation	1.6532125137753435	1.3979400086720375	1.9986080293150943	0.32026263650971853	52.28	72.72727272727273	27.500000000000004	25
K01698_upstream.fna.motif.h1_2	w/o ref	Conserved sequence (low covariation and power)	1.57978359661681	1.230448921378274	0.9405164849325672	4.227611613367553e-13	84.66	48.64864864864865	5.555555555555555	0
K01698_upstream.fna.motif.h2_2	w/o ref	Conserved sequence (low covariation and power)	1.863322860120456	1.4313637641589874	0.6875289612146344	0	88.4	41.66666666666667	7.333333333333333	0
K01698_upstream.fna.motif.h1_1	has CMsearch ref	High covariation	1.6127838567197357	1	1.2494429614425822	0.5155480006438216	67.08	70	4.285714285714286	21.428571428571427
K01737_upstream.fna.motif.h1_4	w/o ref	High covariation	1.6232492903979006	1.5185139398778875	1.3402457615679315	0.20687307938844235	73.08	43.90243902439025	6.666666666666667	22.22222222222222
K01738_upstream.fna.motif.h2_1	has CMsearch ref	Conserved sequence (low covariation and power)	1.7853298350107671	1.5314789170422551	1.0948203803547998	0	74.08	43.333333333333336	19.230769230769234	15.384615384615383
K01754_upstream.fna.motif.h1_5	w/o ref	High power (low covariation)	1.6020599913279625	1.7558748556724917	1.2314695904306814	0	77	35.8974358974359	21.428571428571427	0
K01835_upstream.fna.motif.h2_2	w/o ref	Conserved sequence (low covariation and power)	1.8750612633917	1.3979400086720375	0.7209857441537391	0.23724430350064848	83.76	45.94594594594595	5.294117647058823	0
K01867_upstream.fna.motif.h1_2.h1_4	w/o ref	Conserved sequence (low covariation and power)	1.863322860120456	1.380211241711606	1.3490831687795903	0.04175418352380774	79.48	27.77777777777778	6	0
K01867_upstream.fna.motif.h2_1.h2_2	w/o ref	Conserved sequence (low covariation and power)	1.8195439355418688	1.380211241711606	1.218535505216528	0.00340890486955518	78.52	30.76923076923077	5	0
K01872_upstream.fna.motif.h2_3	w/o ref	Conserved sequence (low covariation and power)	1.806179973983887	1.380211241711606	1.1795517911651876	0.15103319520961703	82.96	50.79365079365079	3.125	6.25
K01889_upstream.fna.motif.h1_1	w/o ref	High power (low covariation)	1.568201724066995	2.075546961392531	1.721315880605899	0	74.44	55.55555555555556	21.000000000000004	0
K01895_upstream.fna.motif.h1_5.h2_1	w/o ref	High power (low covariation)	1.944482672150169	1.57978359661681	1.608739919068788	0.01339394526678517	66.81	16.091954022988507	20	14.285714285714285
K01924_upstream.fna.motif.h1_4	w/o ref	Conserved sequence (low covariation and power)	1.7323937598229686	1.3979400086720375	1.136720567156407	0.00605641426198751	85.71	49.056603773584904	3.8461538461538463	0
K01951_upstream.fna.motif.h1_3	has CMsearch ref	Conserved sequence (low covariation and power)	1.6720978579357175	1.6232492903979006	1.256717745977487	0	72.52	26.08695652173913	13.333333333333334	0
K02014_upstream.fna.motif.h1_4	has CMsearch ref	High covariation	1.6334684555795866	2.004321373782642	1.90151280912994	0	45.54	57.14285714285714	71.66666666666667	75
K02033_upstream.fna.motif.h1_3	has CMsearch ref	High covariation	1.7781512503836436	2.05307844348342	1.17868923977559	0	48.26	23.728813559322035	78.57142857142857	71.42857142857143
K02078_upstream.fna.motif.h1_1	has CMsearch ref	Conserved sequence (low covariation and power)	1.57978359661681	1.7853298350107671	0.9258275746247424	0	79.37	64.86486486486487	15	0
K02094_upstream.fna.motif.h1_1	w/o ref	Conserved sequence (low covariation and power)	1.5185139398778875	1.5185139398778875	1.6442415858437287	0.2203374709828642	77.71	75	5	0
K02094_upstream.fna.motif.h1_2.h1_4	w/o ref	High covariation	2.004321373782642	2.0492180226701815	2.156639998415452	0.7235451488257525	58.21	50	60.4	32
K02097_upstream.fna.motif.h2_1.h2_4	w/o ref	High power (low covariation)	1.8920946026904804	1.9294189257142929	0.8401060944567578	0	69.04	49.35064935064935	35.26315789473684	0
K02097_upstream.fna.motif.h1_2	w/o ref	High power (low covariation)	1.662757831681574	1.8750612633917	0.7143297597452329	0	69.8	26.666666666666668	38.33333333333333	0
K02097_upstream.fna.motif.h1_3	w/o ref	Conserved sequence (low covariation and power)	1.6020599913279625	1.4471580313422192	1.2479732663618066	0	78.13	46.15384615384615	1.1111111111111112	0
K02217_upstream.fna.motif.h1_5.h2_2	w/o ref	Conserved sequence (low covariation and power)	2	1.5440680443502757	1.6186755388851397	1.4488582653984572e-7	77.74	26.262626262626267	7.6923076923076925	0
K02221_upstream.fna.motif.h2_1	has CMsearch ref	High power (low covariation)	1.9242792860618816	1.7781512503836436	1.2301933788690456	0	75.7	31.32530120481928	20	0
K02233_upstream.fna.motif.h1_2	w/o ref	Conserved sequence (low covariation and power)	1.5314789170422551	1.6812412373755872	0.8082109729242221	0	71.73	36.36363636363637	10	0
K02257_upstream.fna.motif.h1_2	has CMsearch ref	Conserved sequence (low covariation and power)	1.7242758696007892	1.0791812460476249	1.3554515201265174	0.2954489997862175	67.06	57.692307692307686	2.666666666666667	6.666666666666667
K02257_upstream.fna.motif.h1_1	has CMsearch ref	High covariation	1.591064607026499	1.041392685158225	1.0141003215196205	0.2428593307606737	73.72	57.89473684210527	2.727272727272727	36.36363636363637
K02316_upstream.fna.motif.h2_3	w/o ref	High power (low covariation)	1.9084850188786495	1.7634279935629371	1.4189638307036223	0	62.29	50	36.5	0
K02340_upstream.fna.motif.h2_1	w/o ref	High power (low covariation)	1.57978359661681	1.6989700043360187	0.8864907251724818	0	70.69	32.432432432432435	20	0
K02340_upstream.fna.motif.h2_3	w/o ref	High power (low covariation)	1.8325089127062364	1.7558748556724917	1.0930713063760635	0	64.96	47.76119402985074	31.25	0
K02355_upstream.fna.motif.h1_5.h2_1	has CMsearch ref	Conserved sequence (low covariation and power)	1.8325089127062364	1.7160033436347992	1.316599302093861	0	72.44	38.80597014925373	13.846153846153848	7.6923076923076925
K02355_upstream.fna.motif.h1_1	w/o ref	High covariation	1.591064607026499	1.414973347970818	1.6797003808719642	0.6043632339020779	71.42	63.1578947368421	8.333333333333332	33.33333333333333
K02469_upstream.fna.motif.h1_4.h2_1	w/o ref	Conserved sequence (low covariation and power)	1.792391689498254	1.568201724066995	1.2299376859079338	0	73.91	19.672131147540984	8.333333333333332	0
K02470_upstream.fna.motif.h1_5.h2_4.h2_1.h2_2	w/o ref	Conserved sequence (low covariation and power)	2.173186268412274	1.5440680443502757	1.6324572921847242	0.4779571903950991	76.87	54.054054054054056	13.25	2.5
K02470_upstream.fna.motif.h1_1	w/o ref	Conserved sequence (low covariation and power)	1.505149978319906	1.380211241711606	1.1583624920952498	0.29302714546477493	87.95	58.06451612903226	1.1111111111111112	11.11111111111111
K02495_upstream.fna.motif.h1_3	has CMsearch ref	High covariation	1.5563025007672873	1.041392685158225	1.3763944420372662	0.5440816933909374	56.76	51.42857142857142	10	33.33333333333333
K02495_upstream.fna.motif.h1_2	has CMsearch ref	High covariation	1.6812412373755872	1.230448921378274	1.7459331584594429	0.44227903786780653	55.25	55.319148936170215	14.615384615384611	53.84615384615385
K02520_upstream.fna.motif.h1_5	w/o ref	High covariation	1.5563025007672873	1.6127838567197357	1.2193225084193366	0	66.47	17.142857142857142	30	33.33333333333333
K02548_upstream.fna.motif.h1_4.h2_4	has CMsearch ref	High power (low covariation)	1.9590413923210936	1.7242758696007892	1.9292145037373936	0	58.5	31.11111111111111	42.142857142857146	7.142857142857142
K02548_upstream.fna.motif.h1_1.h2_3.h1_2	w/o ref	Conserved sequence (low covariation and power)	1.9731278535996983	1.4471580313422192	1.6587743208443568	0.0767412698292727	79.48	38.70967741935484	8.88888888888889	5.555555555555555
K02548_upstream.fna.motif.h1_5.h2_2	w/o ref	Conserved sequence (low covariation and power)	1.99563519459755	1.380211241711606	1.2430380486862944	5.409198683111199e-4	80.71	42.857142857142854	8.095238095238095	0
K02588_upstream.fna.motif.h2_1	w/o ref	High covariation	1.9731278535996983	1.8260748027008264	1.7628285531890904	3.783721023806979e-8	49.94	45.16129032258064	54.761904761904766	42.857142857142854
K02588_upstream.fna.motif.h1_1	w/o ref	High covariation	1.568201724066995	1.7558748556724917	1.4448251995097476	0.40347913807862024	72.92	66.66666666666666	20	25
K02591_upstream.fna.motif.h1_1.h2_1.h1_4	w/o ref	High covariation	1.99563519459755	1.5440680443502757	2.111094410509336	0	56.01	51.02040816326531	18.8	20
K02636_upstream.fna.motif.h1_2	has CMsearch ref	Conserved sequence (low covariation and power)	1.6812412373755872	1.5185139398778875	1.1586639808139894	0.3006724241445034	70.41	51.06382978723404	12.5	0
K02704_upstream.fna.motif.h2_2	w/o ref	High covariation	1.7242758696007892	1.6127838567197357	1.1598678470925663	0	69.91	19.230769230769234	10	40
K02705_upstream.fna.motif.h1_5	has CMsearch ref	High power (low covariation)	1.6020599913279625	1.6434526764861874	1.5116160205691378	0.02158626955091899	59.24	35.8974358974359	20	14.285714285714285
K02707_upstream.fna.motif.h1_1	w/o ref	Conserved sequence (low covariation and power)	1.5563025007672873	1.462397997898956	0.9344984512435676	0	82.96	62.857142857142854	0.9090909090909092	9.090909090909092
K02716_upstream.fna.motif.h1_3	has CMsearch ref	Conserved sequence (low covariation and power)	1.568201724066995	1.3222192947339193	1.1095785469043866	0.1782918901413406	80.63	61.111111111111114	3.6363636363636367	9.090909090909092
K02716_upstream.fna.motif.h1_1	w/o ref	Conserved sequence (low covariation and power)	1.5314789170422551	1.2041199826559248	0.9106244048892012	0.15914291734533276	90.76	60.60606060606061	1	0
K02716_upstream.fna.motif.h1_5	w/o ref	Conserved sequence (low covariation and power)	1.8260748027008264	1.2041199826559248	0.8369567370595504	0.08829382417028961	79.44	48.48484848484848	1.875	6.25
K02717_upstream.fna.motif.h1_5.h2_1.h2_2.h2_4.h1_4	w/o ref	High power (low covariation)	2.406540180433955	1.7708520116421442	1.041392685158225	0.28891022747911344	65.84	24.409448818897637	20.64516129032258	0
K02717_upstream.fna.motif.h2_3	w/o ref	Conserved sequence (low covariation and power)	1.591064607026499	1.6812412373755872	1.0178677189635057	0	73.7	21.052631578947366	15	0
K02717_upstream.fna.motif.h1_3	w/o ref	High power (low covariation)	1.5185139398778875	1.6334684555795866	1.339650157613684	0	76.85	37.5	20	0
K02834_upstream.fna.motif.h2_3	w/o ref	High power (low covariation)	2.041392685158225	1.6901960800285136	0.967547976218862	0	62.58	33.02752293577982	31.11111111111111	0
K02834_upstream.fna.motif.h1_3	w/o ref	Conserved sequence (low covariation and power)	1.505149978319906	1.6127838567197357	0.8893017025063104	0	70.54	25.806451612903224	17.5	0
K02836_upstream.fna.motif.h1_1	has CMsearch ref	Conserved sequence (low covariation and power)	1.6127838567197357	1.7558748556724917	1.1099158630237933	0.3008314777209456	81.06	30	5	16.666666666666664
K02836_upstream.fna.motif.h2_2.h2_3	w/o ref	Conserved sequence (low covariation and power)	2.161368002234975	1.6812412373755872	0.7708520116421442	0.13827964046534147	69.68	15.27777777777778	12.727272727272728	0
K02836_upstream.fna.motif.h2_4	w/o ref	High power (low covariation)	1.8260748027008264	1.6720978579357175	0.8419848045901139	0	61.57	18.181818181818183	23.333333333333332	0
K02836_upstream.fna.motif.h1_4.h2_1	w/o ref	Conserved sequence (low covariation and power)	2.0170333392987803	1.6127838567197357	1.227115082589125	0	67.31	60.19417475728155	16.7741935483871	0
K02836_upstream.fna.motif.h1_3	w/o ref	Conserved sequence (low covariation and power)	1.6334684555795866	1.5185139398778875	1.0060379549973173	0	77.12	33.33333333333333	2.857142857142857	0
K02851_upstream.fna.motif.h2_1	has CMsearch ref	Conserved sequence (low covariation and power)	1.9912260756924949	1.6812412373755872	2.1331555381979905	0	56.37	18.556701030927837	2.2222222222222223	0
K02863_upstream.fna.motif.h1_1.h1_3	w/o ref	High covariation	1.792391689498254	2.257678574869185	2.1974184075100185	0.2974996372861429	60.85	29.50819672131147	33.33333333333333	55.55555555555556
K02878_upstream.fna.motif.h1_1	w/o ref	High covariation	1.6434526764861874	1.5563025007672873	1.3763944420372662	0	60.99	60.46511627906976	23.846153846153847	30.76923076923077
K02888_upstream.fna.motif.h1_4.h2_2	w/o ref	High covariation	2.0253058652647704	1.7634279935629371	2.0790364570874895	0.6069818671248375	60.91	40	31.90476190476191	38.095238095238095
K02888_upstream.fna.motif.h2_4	w/o ref	Conserved sequence (low covariation and power)	1.9242792860618816	1.505149978319906	0.921686475483602	0	83.55	57.831325301204814	10.416666666666668	0
K02906_upstream.fna.motif.h2_2	has CMsearch ref	High covariation	1.7160033436347992	2.093421685162235	2.1712289967250515	0.5695705267534995	57.67	43.13725490196079	49.09090909090909	54.54545454545454
K02906_upstream.fna.motif.h2_5	has CMsearch ref	High covariation	1.7160033436347992	2.187520720836463	2.4836300824949524	0.5322561192539957	51.68	58.82352941176471	62.66666666666667	66.66666666666666
K02906_upstream.fna.motif.h1_1	has CMsearch ref	High covariation	1.5563025007672873	2.0718820073061255	2.328583449714202	0.5919712241670296	64.68	68.57142857142857	46.666666666666664	58.333333333333336
K02906_upstream.fna.motif.h2_1	w/o ref	High covariation	1.944482672150169	1.7481880270062005	2.1608585306799917	1.0664302926101952	60.04	59.77011494252874	28.076923076923077	46.15384615384615
K02906_upstream.fna.motif.h1_2	w/o ref	High covariation	1.6720978579357175	1.7160033436347992	1.7190825739014861	0.5245843405045223	70.76	69.56521739130434	21.25	37.5
K02906_upstream.fna.motif.h1_5	w/o ref	Conserved sequence (low covariation and power)	1.806179973983887	1.414973347970818	0.9474337218870508	0.09087959104377226	84.65	63.49206349206349	1.5	0
K02906_upstream.fna.motif.h1_3	has CMsearch ref	Conserved sequence (low covariation and power)	1.6020599913279625	1.4913616938342726	1.3304137733491908	0.538613944397311	81.65	71.7948717948718	3.571428571428571	7.142857142857142
K02931_upstream.fna.motif.h1_1	has CMsearch ref	High covariation	1.568201724066995	2.143014800254095	1.754271868683459	0.4753108213572197	67.88	33.33333333333333	16.666666666666664	50
K02931_upstream.fna.motif.h1_2	has CMsearch ref	High covariation	1.568201724066995	2.1522883443830563	1.250420002308894	0.29990023039863434	65.78	27.77777777777778	6	20
K02950_upstream.fna.motif.h2_1	has CMsearch ref	Conserved sequence (low covariation and power)	1.740362689494244	1.7075701760979365	0.7993405494535817	0	74.7	14.814814814814811	12.5	0
K02950_upstream.fna.motif.h1_2	w/o ref	Conserved sequence (low covariation and power)	1.568201724066995	1.2787536009528289	1.0195316845312554	0	77.62	55.55555555555556	1	0
K02968_upstream.fna.motif.h1_2	w/o ref	Conserved sequence (low covariation and power)	1.7242758696007892	1.4913616938342726	0.8802417758954804	0.03768620009451043	82.67	50	3.076923076923077	7.6923076923076925
K02968_upstream.fna.motif.h1_3	w/o ref	Conserved sequence (low covariation and power)	1.7075701760979365	1.4313637641589874	0.9912260756924948	0.00193090434446198	84.01	64	4.375	0
K02986_upstream.fna.motif.h1_3.h2_4	w/o ref	Conserved sequence (low covariation and power)	1.8920946026904804	1.4771212547196624	1.132579847659737	0.14194555807866638	83.4	36.36363636363637	4.285714285714286	14.285714285714285
K02990_upstream.fna.motif.h1_2.h2_1	w/o ref	Conserved sequence (low covariation and power)	1.8573324964312683	1.7160033436347992	1.077731179652392	0.2945856958237236	69.69	30.985915492957744	2.727272727272727	18.181818181818183
K03168_upstream.fna.motif.h1_3	has CMsearch ref	Conserved sequence (low covariation and power)	1.6127838567197357	1.3979400086720375	1.2521245525056444	0.04267826624883386	77.4	65	4.615384615384615	7.6923076923076925
K03168_upstream.fna.motif.h2_4	w/o ref	High power (low covariation)	1.863322860120456	1.5185139398778875	1.3021143769562011	0	65.96	47.22222222222222	24.705882352941178	0
K03183_upstream.fna.motif.h1_4	w/o ref	High covariation	1.505149978319906	1.740362689494244	1.6120417446452695	0	72.06	32.25806451612903	16	20
K03183_upstream.fna.motif.h1_1	w/o ref	Conserved sequence (low covariation and power)	1.5563025007672873	1.7242758696007892	1.2005769267548485	0	82.05	34.285714285714285	5	0
K03187_upstream.fna.motif.h1_3.h2_3.h2_1	w/o ref	Conserved sequence (low covariation and power)	2.3324384599156054	1.3979400086720375	1.3573630306151427	0.08473959913735479	86.02	44.85981308411215	2.083333333333333	2.083333333333333
K03187_upstream.fna.motif.h1_2	w/o ref	Conserved sequence (low covariation and power)	1.6720978579357175	1.146128035678238	0.9840770339028307	4.7331406142834566e-4	76.78	47.82608695652174	5.454545454545454	9.090909090909092
K03320_upstream.fna.motif.h1_3	has CMsearch ref	High covariation	1.568201724066995	2.2430380486862944	1.7748817658187963	0	52.11	27.77777777777778	44.00000000000001	40
K03320_upstream.fna.motif.h2_2	has CMsearch ref	Conserved sequence (low covariation and power)	1.792391689498254	1.462397997898956	1.845098040014257	0	67.13	39.34426229508197	15.833333333333332	16.666666666666664
K03325_upstream.fna.motif.h2_1	has CMsearch ref	High power (low covariation)	1.8920946026904804	1.7323937598229686	1.4250448745513888	0	52.07	18.181818181818183	21.428571428571427	14.285714285714285
K03424_upstream.fna.motif.h1_1	has CMsearch ref	High covariation	1.8260748027008264	1.57978359661681	1.4334497937615962	0	58.44	18.181818181818183	23.333333333333332	50
K03428_upstream.fna.motif.h2_1.h2_2	w/o ref	Conserved sequence (low covariation and power)	2.1818435879447726	1.5185139398778875	0.9106244048892012	0.00260659313442689	85.96	42.384105960264904	5.3125	0
K03428_upstream.fna.motif.h1_3.h1_5	w/o ref	Conserved sequence (low covariation and power)	1.8864907251724816	1.4471580313422192	0.8802417758954804	0	89.21	68.42105263157895	3.4615384615384617	0
K03428_upstream.fna.motif.h1_2	w/o ref	Conserved sequence (low covariation and power)	1.5314789170422551	1.3979400086720375	0.8020892578817327	0	84.86	66.66666666666666	4.545454545454546	0
K10716_upstream.fna.motif.h1_4	w/o ref	Conserved sequence (low covariation and power)	1.662757831681574	1.7160033436347992	1.0737183503461227	0	79.76	22.22222222222222	13.999999999999998	0
K03501_upstream.fna.motif.h1_1.h2_2	w/o ref	High power (low covariation)	2.1072099696478683	1.7708520116421442	1.330007700872759	0	53.35	15.748031496062993	39	10
K03501_upstream.fna.motif.h1_5	w/o ref	Conserved sequence (low covariation and power)	1.8512583487190752	1.3617278360175928	1.643551368562945	0.02236819269067905	86.65	51.42857142857142	3.3333333333333335	0
K03524_upstream.fna.motif.h1_4.h2_2	w/o ref	Conserved sequence (low covariation and power)	1.9867717342662448	1.4313637641589874	0.7379873263334308	1.1405441339544935e-9	85.45	33.33333333333333	6.25	0
K03524_upstream.fna.motif.h1_2	w/o ref	Conserved sequence (low covariation and power)	1.7558748556724917	1.4471580313422192	1.3064250275506877	0.2774687047600784	76.21	42.857142857142854	2.5	0
K03531_upstream.fna.motif.h1_1.h2_1	w/o ref	Conserved sequence (low covariation and power)	1.9493900066449128	1.4471580313422192	1.2571984261393443	0.09339226421693383	80.96	54.54545454545454	5.833333333333333	0
K03553_upstream.fna.motif.h1_4.h2_1	w/o ref	Conserved sequence (low covariation and power)	2.0253058652647704	1.380211241711606	1.2543063323312855	0.5155996750006997	82.25	49.523809523809526	4.230769230769231	3.8461538461538463
K03555_upstream.fna.motif.h2_1	w/o ref	Conserved sequence (low covariation and power)	1.740362689494244	1.3979400086720375	0.9809119377768436	0	67.33	33.33333333333333	11.11111111111111	0
K03593_upstream.fna.motif.h1_5	w/o ref	Conserved sequence (low covariation and power)	1.7160033436347992	1.380211241711606	0.9420080530223132	3.243033270017494e-13	84.1	54.90196078431373	5.714285714285714	7.142857142857142
K03593_upstream.fna.motif.h1_4	w/o ref	Conserved sequence (low covariation and power)	1.6232492903979006	1.4913616938342726	1.276921132065774	0	69.64	68.29268292682927	10.714285714285714	7.142857142857142
K03593_upstream.fna.motif.h1_2.h1_3	w/o ref	High power (low covariation)	1.8388490907372552	1.7481880270062005	1.252610340567373	0	77.7	44.11764705882353	21.333333333333336	6.666666666666667
K03631_upstream.fna.motif.h1_5.h2_2.h2_1	w/o ref	High power (low covariation)	1.9637878273455551	1.7993405494535817	1.5010592622177514	0.2273806752823456	60.05	21.978021978021975	36	10
K03631_upstream.fna.motif.h1_2	w/o ref	High power (low covariation)	1.5314789170422551	1.7075701760979365	1.1513698502474603	0.29500490210730074	66.75	60.60606060606061	22.000000000000004	10
K03650_upstream.fna.motif.h1_1.h2_5.h2_1.h2_4	w/o ref	High power (low covariation)	2.2671717284030137	1.806179973983887	1.0374264979406236	0	65.03	27.173913043478255	26.4	0
K03650_upstream.fna.motif.h1_3	w/o ref	Conserved sequence (low covariation and power)	1.6901960800285136	1.2787536009528289	1.0153597554092142	0.2566985077005827	79.68	33.33333333333333	3.75	12.5
K03665_upstream.fna.motif.h1_2.h2_1	has CMsearch ref	High power (low covariation)	1.9493900066449128	1.6989700043360187	0.9334872878487056	0	71.94	31.818181818181817	30.71428571428571	0
K03665_upstream.fna.motif.h1_5	w/o ref	Conserved sequence (low covariation and power)	1.7242758696007892	1.6334684555795866	1.4834446480985353	0.28663473192557015	73.25	23.076923076923077	5	16.666666666666664
K03727_upstream.fna.motif.h2_2	w/o ref	High power (low covariation)	1.9731278535996983	1.591064607026499	1.0534626049254554	0	68.31	47.31182795698925	22.727272727272727	0
K03797_upstream.fna.motif.h2_1	w/o ref	High power (low covariation)	1.8864907251724816	2	0.7993405494535817	0	76.91	21.052631578947366	27.500000000000004	0
K03856_upstream.fna.motif.h2_2	has CMsearch ref	Conserved sequence (low covariation and power)	1.7558748556724917	1.4771212547196624	1.7818989193511492	0.09308041980467952	72.56	42.857142857142854	2.5	0
K21903_upstream.fna.motif.h2_1	has CMsearch ref	High covariation	1.8750612633917	1.8808135922807911	1.813046965160108	0.30099503355094404	51.96	29.72972972972973	37.272727272727266	45.45454545454545
K03980_upstream.fna.motif.h1_2.h2_1	w/o ref	High power (low covariation)	1.8195439355418688	1.7708520116421442	1.2402995820027125	0	64.96	27.692307692307693	22.22222222222222	0
K04075_upstream.fna.motif.h2_3.h2_4.h1_5.h2_5	w/o ref	High power (low covariation)	2.403120521175818	1.8388490907372552	2.2257485241818644	0	64.07	38.095238095238095	33.958333333333336	0
K04485_upstream.fna.motif.h1_1	has CMsearch ref	High power (low covariation)	1.6020599913279625	2.161368002234975	1.5992278627737964	0	83.15	20.51282051282051	25	0
K04485_upstream.fna.motif.h2_3	has CMsearch ref	High power (low covariation)	2.0293837776852097	2.1367205671564067	1.718584720027436	0.18564526276469195	75.8	26.41509433962264	39.285714285714285	7.142857142857142
K04485_upstream.fna.motif.h1_3	has CMsearch ref	High power (low covariation)	1.6532125137753435	2.103803720955957	1.4586378490256493	0	74.9	40.909090909090914	30.000000000000004	11.11111111111111
K04485_upstream.fna.motif.h1_4	w/o ref	High power (low covariation)	1.6334684555795866	2.0453229787866576	1.4539295920577286	0	77.61	28.57142857142857	26.666666666666668	0
K04518_upstream.fna.motif.h1_1.h1_4	w/o ref	High power (low covariation)	1.8512583487190752	1.7481880270062005	0.8175653695597808	0	61.44	40	33.57142857142858	0
K04518_upstream.fna.motif.h1_2.h1_5	w/o ref	Conserved sequence (low covariation and power)	1.977723605288848	1.505149978319906	0.7693773260761385	0.01232297711873096	86.78	53.191489361702125	2.8	0
K04518_upstream.fna.motif.h2_4	w/o ref	Conserved sequence (low covariation and power)	1.9912260756924949	1.4913616938342726	0.7323937598229685	5.719278275464854e-4	88.66	43.29896907216495	2.857142857142857	0
K04564_upstream.fna.motif.h1_1	has CMsearch ref	High power (low covariation)	1.5185139398778875	1.591064607026499	1.0081741840064264	2.1176631165505026e-13	66.52	68.75	21.818181818181817	9.090909090909092
K05377_upstream.fna.motif.h1_5.h2_2	w/o ref	Conserved sequence (low covariation and power)	2.093421685162235	1.4913616938342726	1.3291944150884512	0.20357677497797255	83.56	30.89430894308943	8.947368421052632	0
K05567_upstream.fna.motif.h1_4	w/o ref	Conserved sequence (low covariation and power)	1.6232492903979006	1.0791812460476249	0.9991305412873712	0	70.85	29.268292682926827	0	0
K05584_upstream.fna.motif.h2_1.h2_2.h1_2	w/o ref	High power (low covariation)	2.0453229787866576	1.7993405494535817	0.8048206787211624	0	79.64	38.18181818181819	21.428571428571427	0
K05584_upstream.fna.motif.h1_1	w/o ref	Conserved sequence (low covariation and power)	1.5563025007672873	1.6989700043360187	0.885361220031512	0.24338360957889296	80.74	57.14285714285714	6	0
K05585_upstream.fna.motif.h1_2.h2_2.h1_1	w/o ref	Conserved sequence (low covariation and power)	1.9242792860618816	1.7242758696007892	0.9951962915971794	0	76.99	50.602409638554214	15.714285714285714	0
K05585_upstream.fna.motif.h2_1	w/o ref	High covariation	1.845098040014257	1.7634279935629371	1.8793826371743427	0.2989728727855718	56.16	60.86956521739131	36.66666666666667	52.38095238095239
K05585_upstream.fna.motif.h2_3.h2_4	w/o ref	High covariation	2.0791812460476247	1.7634279935629371	2.011316643366872	0.7264509000796718	58.2	47.05882352941176	26.785714285714285	42.857142857142854
K05585_upstream.fna.motif.h1_3	w/o ref	High covariation	1.6901960800285136	1.7242758696007892	1.6633239336282124	0.41243534585842495	68.37	66.66666666666666	27.500000000000004	43.75
K05592_upstream.fna.motif.h1_3.h1_4.h2_1	w/o ref	Conserved sequence (low covariation and power)	2.1335389083702174	1.6901960800285136	1.5167997040816243	0.03122400142594108	66.04	45.92592592592592	14.838709677419354	3.225806451612903
K05841_upstream.fna.motif.h1_3	has CMsearch ref	Conserved sequence (low covariation and power)	1.5314789170422551	0.9542425094393248	0.6954816764901974	0.2804388183280356	81.73	60.60606060606061	2	0
K05979_upstream.fna.motif.h2_3	w/o ref	Conserved sequence (low covariation and power)	1.8920946026904804	1.3222192947339193	0.9800033715837464	0.02636053377394181	81.12	54.54545454545454	3.3333333333333335	0
K06076_upstream.fna.motif.h1_1	has CMsearch ref	High covariation	1.591064607026499	1.5185139398778875	1.6775157047987574	0.08476675381971498	53.03	52.63157894736842	42.00000000000001	70
K06153_upstream.fna.motif.h1_1	w/o ref	High covariation	1.505149978319906	1.57978359661681	1.4299136977637543	0.34976304398794955	68.98	32.25806451612903	6	40
K06197_upstream.fna.motif.h1_3	w/o ref	Conserved sequence (low covariation and power)	1.6232492903979006	1.3617278360175928	1.0472748673841794	0	75.42	43.90243902439025	3.3333333333333335	0
K06197_upstream.fna.motif.h2_1	w/o ref	Conserved sequence (low covariation and power)	1.7323937598229686	1.414973347970818	0.9763499790032736	0	77.24	41.509433962264154	8.181818181818182	9.090909090909092
K06197_upstream.fna.motif.h2_2	w/o ref	High covariation	1.8260748027008264	1.505149978319906	0.7185016888672743	0	78.09	12.12121212121212	10	25
K06197_upstream.fna.motif.h1_5	w/o ref	Conserved sequence (low covariation and power)	1.662757831681574	1.4313637641589874	1.3310221710418286	0	82.99	40	5.555555555555555	0
K06213_upstream.fna.motif.h1_1.h2_1.h1_4	has CMsearch ref	High power (low covariation)	1.9590413923210936	1.7481880270062005	1.7180862947830915	0.3097365991092897	71.62	53.333333333333336	23.75	0
K06213_upstream.fna.motif.h1_3.h2_3	has CMsearch ref	High power (low covariation)	1.9731278535996983	1.7160033436347992	1.4874212113594742	4.342366581887281e-13	55.57	32.25806451612903	40.666666666666664	0
K06282_upstream.fna.motif.h1_5	has CMsearch ref	High covariation	1.57978359661681	1.5185139398778875	1.8588378514285857	0.069165445060771	49.64	48.64864864864865	43.333333333333336	100
K06442_upstream.fna.motif.h1_1.h2_2	w/o ref	High power (low covariation)	1.8129133566428557	1.6020599913279625	1.182414652434554	0	74.24	46.875	21.333333333333336	0
K06610_upstream.fna.motif.h2_3	w/o ref	Conserved sequence (low covariation and power)	1.845098040014257	1.5185139398778875	2.0319333402756055	0	74.34	28.985507246376812	12	10
K06864_upstream.fna.motif.h2_1.h2_2.h2_3	has CMsearch ref	High power (low covariation)	2.296665190261531	1.792391689498254	2.1010593549081156	0	67.41	21.31979695431472	21.9047619047619	0
K06873_upstream.fna.motif.h1_2	w/o ref	Conserved sequence (low covariation and power)	1.7323937598229686	1.3979400086720375	1.1486026548060937	0	86.12	49.056603773584904	1.5384615384615383	0
K06890_upstream.fna.motif.h1_1	has CMsearch ref	Conserved sequence (low covariation and power)	1.6127838567197357	1.041392685158225	0.7558748556724915	0	81.24	55.00000000000001	0.9090909090909092	0
K06891_upstream.fna.motif.h1_3	has CMsearch ref	High power (low covariation)	1.5563025007672873	1.6020599913279625	1.426023015689876	0.16808656563788707	61.18	45.714285714285715	23.75	12.5
K06920_upstream.fna.motif.h2_1.h2_2	w/o ref	Conserved sequence (low covariation and power)	2.103803720955957	1.5314789170422551	0.8337843746564789	0	73.52	34.92063492063492	12.272727272727272	4.545454545454546
K06920_upstream.fna.motif.h1_2.h1_5.h1_4	w/o ref	Conserved sequence (low covariation and power)	2.03342375548695	1.5440680443502757	1.573219827114422	0.09178650399397742	73	41.1214953271028	14.545454545454549	0
K06949_upstream.fna.motif.h1_2	has CMsearch ref	Conserved sequence (low covariation and power)	1.6720978579357175	1.146128035678238	1.3322364154914432	0.3161675165436764	71.82	56.52173913043478	4.615384615384615	7.6923076923076925
K06966_upstream.fna.motif.h1_1	has CMsearch ref	High covariation	1.568201724066995	1.3222192947339193	1.815776920298363	0.492747820837467	58.56	61.111111111111114	16.363636363636363	45.45454545454545
K06971_upstream.fna.motif.h1_4.h2_4	w/o ref	Conserved sequence (low covariation and power)	1.869231719730976	1.3424226808222062	1.404833716619938	0.2924439295577612	80.92	57.534246575342465	2.380952380952381	0
K06997_upstream.fna.motif.h1_1	w/o ref	Conserved sequence (low covariation and power)	1.6720978579357175	1.3979400086720375	1.3736474722092178	0	72.6	60.86956521739131	9.285714285714286	0
K07015_upstream.fna.motif.h1_1	has CMsearch ref	High power (low covariation)	1.5563025007672873	1.57978359661681	0.884795363948981	0	61.48	34.285714285714285	26.666666666666668	0
K07037_upstream.fna.motif.h1_3.h2_1	w/o ref	High power (low covariation)	1.8750612633917	1.7708520116421442	1.677241845946654	0.2109738820140191	64.05	37.83783783783784	35.714285714285715	7.142857142857142
K07079_upstream.fna.motif.h1_5	w/o ref	High covariation	1.5314789170422551	1.3424226808222062	1.1670217957902564	0	78.37	30.303030303030305	12	60
K07086_upstream.fna.motif.h2_3	has CMsearch ref	High power (low covariation)	1.806179973983887	1.7160033436347992	1.5224442335063195	0.02527030082651845	70.43	34.92063492063492	22.727272727272727	0
K07086_upstream.fna.motif.h1_1	has CMsearch ref	Conserved sequence (low covariation and power)	1.5440680443502757	1.662757831681574	1.127752515832973	0.43466309740121495	72.21	35.294117647058826	11.666666666666666	0
K07090_upstream.fna.motif.h1_3	w/o ref	Conserved sequence (low covariation and power)	1.6720978579357175	1.4771212547196624	1.098989639401177	0.00205923378292819	84.45	52.17391304347826	2.5	0
K07243_upstream.fna.motif.h1_1	w/o ref	High covariation	1.6720978579357175	1.568201724066995	1.9175055095525464	0.2827204240269575	62.16	65.21739130434783	25.33333333333333	40
K07301_upstream.fna.motif.h2_2.h2_4.h1_3	w/o ref	Conserved sequence (low covariation and power)	2.2174839442139063	1.57978359661681	1.9383195433421556	3.541122881009471e-6	74.4	41.46341463414634	14.705882352941178	0
K07456_upstream.fna.motif.h1_4	has CMsearch ref	Conserved sequence (low covariation and power)	1.6901960800285136	1.4771212547196624	1.1433271299920464	0	79.53	41.66666666666667	5	0
K07486_upstream.fna.motif.h2_1	has CMsearch ref	Conserved sequence (low covariation and power)	1.662757831681574	1	1.3666097103924295	0.4349439596979846	73.89	57.77777777777777	1.5384615384615383	7.6923076923076925
K08480_upstream.fna.motif.h2_2	w/o ref	Conserved sequence (low covariation and power)	1.9344984512435677	1.3979400086720375	1.5537616983900042	0.4363121585962835	67.49	40	10.588235294117649	11.76470588235294
K08482_upstream.fna.motif.h1_1	w/o ref	High covariation	1.5563025007672873	1.869231719730976	1.5658478186735176	6.211569271197437e-4	49.78	45.714285714285715	65	62.5
K09121_upstream.fna.motif.h1_4	has CMsearch ref	High power (low covariation)	1.6434526764861874	1.977723605288848	1.1778249718646818	0	73.89	46.51162790697674	34	0
K09748_upstream.fna.motif.h1_4	w/o ref	Conserved sequence (low covariation and power)	1.591064607026499	1.414973347970818	0.8836614351536176	0	78.4	42.10526315789473	15	0
K09772_upstream.fna.motif.h1_4.h2_1.h1_2	w/o ref	Conserved sequence (low covariation and power)	1.9138138523837167	1.4313637641589874	1.356790460351716	0.03294568810237715	83.24	51.85185185185185	5.714285714285714	0
K09772_upstream.fna.motif.h1_1	w/o ref	Conserved sequence (low covariation and power)	1.5563025007672873	1.3010299956639813	1.2286569581089353	0.4658852714562038	88.48	68.57142857142857	0	0
K09836_upstream.fna.motif.h1_5	has CMsearch ref	Conserved sequence (low covariation and power)	1.6232492903979006	1.414973347970818	1.4393326938302626	0.00120895936887462	68.23	29.268292682926827	3.3333333333333335	16.666666666666664
K09928_upstream.fna.motif.h1_2.h2_1.h1_1	w/o ref	Conserved sequence (low covariation and power)	2.0863598306747484	1.5563025007672873	1.6183619311098782	0.16892744018992603	69.41	38.01652892561984	17.82608695652174	4.3478260869565215
K09942_upstream.fna.motif.h2_1	has CMsearch ref	High power (low covariation)	1.7781512503836436	1.6434526764861874	0.8808135922807914	0.4074214994817781	68.31	33.89830508474576	20	0
K09942_upstream.fna.motif.h1_4.h2_2.h1_2	w/o ref	Conserved sequence (low covariation and power)	1.9822712330395684	1.4913616938342726	1.438384107034714	0.4412048051368981	82.72	35.78947368421053	5.88235294117647	0
K09966_upstream.fna.motif.h2_1	w/o ref	Conserved sequence (low covariation and power)	2.060697840353612	1.6901960800285136	0.7708520116421442	4.297323434598976e-4	69.64	45.614035087719294	18.84615384615385	0
K10257_upstream.fna.motif.h2_2	w/o ref	Conserved sequence (low covariation and power)	1.8512583487190752	1	0.8615344108590378	0	89.37	62.857142857142854	0	0
K10773_upstream.fna.motif.h1_5.h2_1	has CMsearch ref	Conserved sequence (low covariation and power)	1.792391689498254	1.4471580313422192	1.001300933020418	0.02683430641082363	83.29	42.62295081967213	3.076923076923077	0
K10917_upstream.fna.motif.h1_3	has CMsearch ref	High power (low covariation)	1.740362689494244	1.806179973983887	1.8826952623815971	1.3691956543948317e-7	64.41	62.96296296296296	30	5.88235294117647
K10960_upstream.fna.motif.h1_5.h2_3.h2_1.h1_1	w/o ref	Conserved sequence (low covariation and power)	2.143014800254095	1.505149978319906	1.2301933788690456	0.00101538255535923	79.87	57.971014492753625	7.75	0
K12574_upstream.fna.motif.h1_1.h1_3	w/o ref	High covariation	1.7708520116421442	1.6334684555795866	2.0083872301141588	0.01976483724196788	59.14	44.827586206896555	39.23076923076923	76.92307692307693
K12574_upstream.fna.motif.h1_2	w/o ref	High covariation	1.6127838567197357	1.740362689494244	2.0090257420869104	8.547246862064976e-5	49.35	50	60	80
K12984_upstream.fna.motif.h1_2	w/o ref	Conserved sequence (low covariation and power)	1.6812412373755872	1.1139433523068367	1.3062105081677615	0.5621119699080107	63.97	51.06382978723404	7.5	16.666666666666664
K13005_upstream.fna.motif.h1_3	has CMsearch ref	High covariation	1.6812412373755872	0.9030899869919436	1.5336449787987627	0.7415762273581585	61.32	59.57446808510638	2.142857142857143	35.714285714285715
K13005_upstream.fna.motif.h1_4	has CMsearch ref	Conserved sequence (low covariation and power)	1.5440680443502757	1.2787536009528289	1.783760695743924	0.22787719628720307	62.52	64.70588235294117	10.909090909090908	18.181818181818183
K14379_upstream.fna.motif.h1_1.h1_5	has CMsearch ref	Conserved sequence (low covariation and power)	1.7558748556724917	1.5314789170422551	0.7774268223893114	0	73.26	21.428571428571427	6.666666666666667	0
K14441_upstream.fna.motif.h2_4	has CMsearch ref	Conserved sequence (low covariation and power)	1.869231719730976	1.462397997898956	1.0817072700973491	0.21128637482829252	77.16	41.0958904109589	15.333333333333332	6.666666666666667
K14441_upstream.fna.motif.h2_3	has CMsearch ref	High power (low covariation)	1.7160033436347992	1.7075701760979365	1.218535505216528	0.2673989106256479	67.75	54.90196078431373	22.857142857142858	0
K14540_upstream.fna.motif.h1_2	w/o ref	Conserved sequence (low covariation and power)	1.57978359661681	1.3010299956639813	1.228913405994688	0	81.39	54.054054054054056	3	0
K14540_upstream.fna.motif.h1_1.h2_1	w/o ref	Conserved sequence (low covariation and power)	1.7481880270062005	1.255272505103306	1.4124605474299614	0	91.13	54.54545454545454	0	0
K14761_upstream.fna.motif.h1_5	w/o ref	Conserved sequence (low covariation and power)	1.568201724066995	1.4913616938342726	0.7193312869837267	0	73.38	38.88888888888889	12.85714285714286	0
K15633_upstream.fna.motif.h2_3	has CMsearch ref	High covariation	1.7558748556724917	1.6901960800285136	0.9960736544852752	0	61.26	14.285714285714285	45	75
K15633_upstream.fna.motif.h1_1	w/o ref	Conserved sequence (low covariation and power)	1.6127838567197357	1.3617278360175928	0.8959747323590646	0.00195582098966425	82.88	40	3.75	0
K16091_upstream.fna.motif.h1_3	w/o ref	High covariation	1.6434526764861874	1.2041199826559248	1.8236698132681364	0.4956275809064905	42.17	65.11627906976744	25	100
K18678_upstream.fna.motif.h1_3	has CMsearch ref	High power (low covariation)	1.662757831681574	1.7323937598229686	1.167317334748176	0	75.4	66.66666666666666	25.33333333333333	0
K19002_upstream.fna.motif.h1_4	has CMsearch ref	High covariation	1.7160033436347992	1.8388490907372552	1.4653828514484184	0	55.56	31.37254901960784	38.75	62.5
K19002_upstream.fna.motif.h1_1	has CMsearch ref	High covariation	1.6020599913279625	1.7323937598229686	1.962889987391791	0.20713274096031173	58.81	46.15384615384615	32.22222222222222	33.33333333333333
K19166_upstream.fna.motif.h1_4	has CMsearch ref	High covariation	1.6232492903979006	1.662757831681574	1.5624118329497274	0.30056961673157623	60.32	29.268292682926827	16.666666666666664	50
K19166_upstream.fna.motif.h1_1	has CMsearch ref	High covariation	1.5314789170422551	1.662757831681574	1.6955692270361855	0.4623920075889276	52.38	30.303030303030305	10	60
K19170_upstream.fna.motif.h1_3	w/o ref	High covariation	1.5440680443502757	1.4771212547196624	1.3643633546157308	0	73.96	41.17647058823529	8.571428571428571	28.57142857142857
K19294_upstream.fna.motif.h1_2	w/o ref	High covariation	1.6812412373755872	1.1760912590556811	1.4652340949880145	0.5673110946583468	48.4	63.82978723404256	18.666666666666664	53.333333333333336
K21480_upstream.fna.motif.h1_1	has CMsearch ref	High covariation	1.505149978319906	1.7481880270062005	1.978363147083883	0.2461042377204432	54.26	58.06451612903226	34.44444444444444	55.55555555555556
K21480_upstream.fna.motif.h1_3	has CMsearch ref	High covariation	1.591064607026499	1.8388490907372552	1.6504046698680317	0	56.66	26.31578947368421	54	80
K21703_upstream.fna.motif.h2_1	w/o ref	High power (low covariation)	1.6989700043360187	2.0718820073061255	0.9822712330395684	0	65.7	16.3265306122449	27.500000000000004	0
K21703_upstream.fna.motif.h2_5	w/o ref	High power (low covariation)	1.7160033436347992	2.060697840353612	1.1448854182871424	0	67.28	15.68627450980392	25	0
K21929_upstream.fna.motif.h2_1	w/o ref	Conserved sequence (low covariation and power)	1.9294189257142929	1.2787536009528289	1.2214142378423387	0.4774483000577465	74.97	52.38095238095239	7.272727272727273	0
K00036_downstream.fna.motif.h1_1	w/o ref	High covariation	1.740362689494244	1.6532125137753435	1.3119656603683665	0	57.3	44.44444444444444	30.833333333333336	75
K00161_downstream.fna.motif.h2_1	has CMsearch ref	Conserved sequence (low covariation and power)	1.6989700043360187	1.6532125137753435	1.4360035356698966	0.00688173903740953	78.59	40.81632653061224	13.999999999999998	0
K00161_downstream.fna.motif.h1_1	has CMsearch ref	Conserved sequence (low covariation and power)	1.5563025007672873	1.6232492903979006	1.327767489902729	0	77.92	34.285714285714285	15	0
K00297_downstream.fna.motif.h1_4	w/o ref	Conserved sequence (low covariation and power)	1.5440680443502757	1.740362689494244	1.1565491513317814	0	70.36	29.411764705882355	16	0
K00297_downstream.fna.motif.h2_2.h2_3	w/o ref	High power (low covariation)	2.123851640967086	1.7781512503836436	1.4199557484897578	6.20068404595445e-4	74.38	40.909090909090914	21.48148148148148	0
K00297_downstream.fna.motif.h1_1	w/o ref	Conserved sequence (low covariation and power)	1.6532125137753435	1.740362689494244	1.2340108175871791	0.0186931771649877	74.79	45.45454545454545	17	0
K00604_downstream.fna.motif.h1_2	has CMsearch ref	High power (low covariation)	1.5314789170422551	1.7634279935629371	1.4815859363676225	0	76.25	54.54545454545454	24.444444444444446	0
K00615_downstream.fna.motif.h2_1	has CMsearch ref	Conserved sequence (low covariation and power)	1.6989700043360187	1.6127838567197357	1.2347702951609163	0	77.57	48.97959183673469	17.5	0
K00615_downstream.fna.motif.h1_1	has CMsearch ref	Conserved sequence (low covariation and power)	1.568201724066995	1.5440680443502757	1.141763230275788	0	77.55	66.66666666666666	16.666666666666664	0
K00640_downstream.fna.motif.h1_4.h2_1	w/o ref	High power (low covariation)	1.8195439355418688	1.6720978579357175	1.1908917169221696	0	77.53	55.38461538461539	22.777777777777775	0
K00640_downstream.fna.motif.h1_1	w/o ref	Conserved sequence (low covariation and power)	1.568201724066995	1.662757831681574	0.988112840268352	0	77.07	72.22222222222221	19.230769230769234	0
K00748_downstream.fna.motif.h1_5	has CMsearch ref	Conserved sequence (low covariation and power)	1.6720978579357175	1.4471580313422192	1.1760912590556811	0.23260379835089512	77.64	34.78260869565217	6.25	12.5
K00764_downstream.fna.motif.h2_2	w/o ref	Conserved sequence (low covariation and power)	1.7160033436347992	1.414973347970818	0.6937269489236468	0	81.92	47.05882352941176	5.833333333333333	0
K00937_downstream.fna.motif.h1_1	has CMsearch ref	High covariation	1.5185139398778875	1.7853298350107671	1.4229179807676624	5.396706552860553e-4	56.74	25	47.5	50
K00937_downstream.fna.motif.h2_2	w/o ref	Conserved sequence (low covariation and power)	1.919078092376074	1.57978359661681	1.799064719351008	0.03477243566358771	73.91	41.46341463414634	17.058823529411764	5.88235294117647
K00940_downstream.fna.motif.h2_3	has CMsearch ref	High power (low covariation)	1.8195439355418688	1.6334684555795866	1.4845845292828428	0	63.71	40	23.846153846153847	7.6923076923076925
K00940_downstream.fna.motif.h1_5	has CMsearch ref	Conserved sequence (low covariation and power)	1.6334684555795866	1.505149978319906	1.628082260990679	4.3346519621548626e-13	76.03	52.38095238095239	15.454545454545451	9.090909090909092
K00940_downstream.fna.motif.h2_1	has CMsearch ref	Conserved sequence (low covariation and power)	1.7481880270062005	1.5314789170422551	1.2092468487533736	0	74.71	36.36363636363637	13.999999999999998	0
K00988_downstream.fna.motif.h1_5	w/o ref	Conserved sequence (low covariation and power)	1.662757831681574	1.5440680443502757	1.3796680340336538	0.28510545276863136	81.52	62.22222222222222	10.714285714285714	14.285714285714285
K00988_downstream.fna.motif.h2_1	w/o ref	Conserved sequence (low covariation and power)	1.9912260756924949	1.4771212547196624	1.2785249647370176	0.140898795081713	77.8	32.98969072164948	13.750000000000002	12.5
K00995_downstream.fna.motif.h1_3	w/o ref	Conserved sequence (low covariation and power)	1.6532125137753435	1.7075701760979365	0.964259630196849	0	73.73	18.181818181818183	17.5	0
K00995_downstream.fna.motif.h1_4.h2_3	w/o ref	Conserved sequence (low covariation and power)	1.8750612633917	1.4771212547196624	1.3942765267678214	0.13895002493987224	75.8	35.13513513513514	13.076923076923078	0
K01008_downstream.fna.motif.h2_3	w/o ref	Conserved sequence (low covariation and power)	1.9030899869919435	1.4471580313422192	1.6516656039229356	0.4542501553003446	81.79	48.10126582278481	8.947368421052632	0
K01056_downstream.fna.motif.h2_1	w/o ref	Conserved sequence (low covariation and power)	1.6901960800285136	1.5314789170422551	1.2652896258608302	0.00871779854225449	74.99	41.66666666666667	11.000000000000002	0
K01193_downstream.fna.motif.h1_2.h2_4	has CMsearch ref	Conserved sequence (low covariation and power)	1.8195439355418688	1.7634279935629371	1.3326404103874627	0	80.04	36.92307692307693	15.833333333333332	0
K01356_downstream.fna.motif.h1_3	w/o ref	Conserved sequence (low covariation and power)	1.6812412373755872	0.9542425094393248	1.1928461151888416	0.29133754281908625	69.59	63.82978723404256	1.3333333333333337	0
K01414_downstream.fna.motif.h2_1.h2_4	w/o ref	High power (low covariation)	2.167317334748176	1.6434526764861874	1.1222158782728269	0.0050308010151720204	66.84	39.726027397260275	21.034482758620687	0
K01428_downstream.fna.motif.h1_3	w/o ref	Conserved sequence (low covariation and power)	1.505149978319906	1.146128035678238	0.7092699609758307	0	93.07	45.16129032258064	0	0
K01437_downstream.fna.motif.h1_1.h2_1.h1_4	w/o ref	Conserved sequence (low covariation and power)	1.8573324964312683	1.5185139398778875	1.328787200354535	0.6390110950711797	83.62	47.88732394366197	4.705882352941177	5.88235294117647
K01437_downstream.fna.motif.h1_5	w/o ref	Conserved sequence (low covariation and power)	1.6812412373755872	1.462397997898956	1.153814864344529	0	84.44	38.297872340425535	3.3333333333333335	11.11111111111111
K01601_downstream.fna.motif.h1_2	has CMsearch ref	High covariation	1.7160033436347992	1.8512583487190752	2.046456142412592	0.3861920865133115	53.92	62.74509803921568	49.375	87.5
K01601_downstream.fna.motif.h1_1	has CMsearch ref	Conserved sequence (low covariation and power)	1.8129133566428557	1.5185139398778875	1.883547879268044	0.6068455110970082	71.55	50	11.875	6.25
K01626_downstream.fna.motif.h1_2	w/o ref	Conserved sequence (low covariation and power)	1.57978359661681	1.380211241711606	1.2951270852521912	0	84.46	21.62162162162162	0	0
K01647_downstream.fna.motif.h1_2	has CMsearch ref	High covariation	1.6434526764861874	1.591064607026499	1.333648756514701	3.363987296108184e-7	74.09	46.51162790697674	24	30
K01662_downstream.fna.motif.h2_2.h2_3.h2_1.h2_4	has CMsearch ref	Conserved sequence (low covariation and power)	2.2528530309798933	1.6232492903979006	1.2322335211147335	0	71.1	30.337078651685395	18.14814814814815	0
K01687_downstream.fna.motif.h1_3.h2_5	w/o ref	Conserved sequence (low covariation and power)	1.9344984512435677	1.3979400086720375	1.2013971243204515	0.04266645670276898	82.75	42.35294117647059	6.111111111111112	0
K01687_downstream.fna.motif.h1_4.h2_2.h2_3	w/o ref	High power (low covariation)	2.3483048630481607	1.7708520116421442	1.336259552014193	0	59.41	28.82882882882883	28.125	0
K01736_downstream.fna.motif.h2_1	w/o ref	Conserved sequence (low covariation and power)	1.7993405494535817	1.3617278360175928	1.3636119798921444	2.0552109189872312e-5	82.27	51.61290322580645	5	0
K01807_downstream.fna.motif.h1_4	w/o ref	High power (low covariation)	1.591064607026499	1.7634279935629371	1.033021444682911	0	69.49	52.63157894736842	24	0
K01807_downstream.fna.motif.h2_2.h2_3	w/o ref	High power (low covariation)	2.220108088040055	1.7993405494535817	1.2397998184470986	0	67.87	36.36363636363637	29.666666666666668	0
K01807_downstream.fna.motif.h1_3	w/o ref	Conserved sequence (low covariation and power)	1.6434526764861874	1.740362689494244	1.0178677189635057	0	71.33	41.86046511627907	12.222222222222223	0
K01807_downstream.fna.motif.h1_5	w/o ref	High power (low covariation)	1.7481880270062005	1.7323937598229686	0.8234742291703011	0	63.67	47.27272727272727	26.923076923076923	0
K01870_downstream.fna.motif.h2_2	w/o ref	Conserved sequence (low covariation and power)	1.9084850188786495	1.5440680443502757	0.8401060944567578	0.00107970691548372	79.09	55.00000000000001	11.363636363636363	0
K01874_downstream.fna.motif.h1_2	w/o ref	Conserved sequence (low covariation and power)	1.6232492903979006	1.5314789170422551	1.3436055081041718	0.4763533225950132	70.31	48.78048780487805	12	0
K01874_downstream.fna.motif.h1_1	w/o ref	Conserved sequence (low covariation and power)	1.5314789170422551	1.4771212547196624	1.331427296520743	0.601406973166067	71.39	60.60606060606061	6.999999999999999	0
K01890_downstream.fna.motif.h2_3	w/o ref	High power (low covariation)	1.9138138523837167	1.568201724066995	0.8188854145940099	0.1957721115456889	71.62	39.50617283950617	21.25	0
K01890_downstream.fna.motif.h2_1	w/o ref	High power (low covariation)	1.869231719730976	1.568201724066995	1.1525940779274697	0.2012083427382143	74.66	41.0958904109589	22	0
K01895_downstream.fna.motif.h1_4.h2_2	has CMsearch ref	Conserved sequence (low covariation and power)	1.8976270912904416	1.5185139398778875	1.4488608456074408	0.1816386783333272	72.65	33.33333333333333	13.076923076923078	15.384615384615383
K01895_downstream.fna.motif.h1_2.h2_1	has CMsearch ref	Conserved sequence (low covariation and power)	1.740362689494244	1.6720978579357175	1.6029277128591892	0	71.1	51.85185185185185	14.285714285714285	0
K01915_downstream.fna.motif.h1_2	w/o ref	Conserved sequence (low covariation and power)	1.6232492903979006	1.1760912590556811	1.458033192496506	0	82.69	68.29268292682927	1.4285714285714286	0
K01929_downstream.fna.motif.h1_1	w/o ref	Conserved sequence (low covariation and power)	1.5440680443502757	1.662757831681574	1.0737183503461227	0	69.31	41.17647058823529	12.85714285714286	0
K01961_downstream.fna.motif.h1_2	has CMsearch ref	High power (low covariation)	1.7160033436347992	1.8512583487190752	1.236789099409293	0	73.67	43.13725490196079	33.63636363636363	0
K01961_downstream.fna.motif.h2_1	has CMsearch ref	High power (low covariation)	1.6812412373755872	1.8512583487190752	1.1726029312098598	0	74.89	51.06382978723404	29.166666666666668	0
K01961_downstream.fna.motif.h1_4.h2_4	has CMsearch ref	High power (low covariation)	1.8512583487190752	1.8260748027008264	1.3662361237182932	0	68.18	28.57142857142857	38	0
K01961_downstream.fna.motif.h1_3	has CMsearch ref	High power (low covariation)	1.5563025007672873	1.792391689498254	1.1972805581256194	0	73.23	40	34.285714285714285	0
K02033_downstream.fna.motif.h1_3	w/o ref	Conserved sequence (low covariation and power)	1.6989700043360187	1.3222192947339193	1.3816564825857869	0.4660204391321233	54.34	61.224489795918366	19.333333333333332	13.333333333333334
K02095_downstream.fna.motif.h1_2.h2_3	has CMsearch ref	High covariation	1.8512583487190752	1.6901960800285136	1.6104472214421213	0.6948998927577225	62.44	74.28571428571429	32.69230769230769	23.076923076923077
K02110_downstream.fna.motif.h1_5	w/o ref	High covariation	1.7853298350107671	1.5563025007672873	1.2247919564926817	0.7678034839757659	50.58	73.33333333333333	29.090909090909093	59.09090909090909
K02217_downstream.fna.motif.h2_2	w/o ref	High power (low covariation)	1.8195439355418688	1.6232492903979006	0.8992731873176038	0.22890674026671629	68.66	18.461538461538463	26.666666666666668	0
K02221_downstream.fna.motif.h1_1	w/o ref	Conserved sequence (low covariation and power)	1.568201724066995	1.8195439355418688	1.3935752032695876	0	74.88	38.88888888888889	11.428571428571429	14.285714285714285
K02221_downstream.fna.motif.h2_2	w/o ref	High power (low covariation)	1.7160033436347992	1.8195439355418688	1.4761067168401911	0	77.47	54.90196078431373	20	0
K02221_downstream.fna.motif.h2_1	w/o ref	High power (low covariation)	1.8808135922807911	1.9493900066449128	1.5233562066547928	0	70.91	42.66666666666667	35.625	0
K02233_downstream.fna.motif.h1_4.h2_2.h1_5	w/o ref	High power (low covariation)	2.1271047983648077	1.806179973983887	0.9258275746247424	3.28544519847081e-7	62.79	21.052631578947366	34.285714285714285	0
K02294_downstream.fna.motif.h2_4	has CMsearch ref	High covariation	1.9867717342662448	1.7708520116421442	1.0704073217401198	0	64.36	8.333333333333332	22.5	25
K02313_downstream.fna.motif.h2_1	w/o ref	Conserved sequence (low covariation and power)	1.8573324964312683	1.4913616938342726	1.0902580529313164	0.2710538208115502	78.74	45.07042253521127	8.125	0
K02337_downstream.fna.motif.h1_4	w/o ref	Conserved sequence (low covariation and power)	1.5440680443502757	1.5314789170422551	1.1908917169221696	0.03536296778051529	72.5	47.05882352941176	16.25	12.5
K02337_downstream.fna.motif.h1_5	w/o ref	Conserved sequence (low covariation and power)	1.6532125137753435	1.4471580313422192	0.8836614351536176	5.204722281689006e-4	82.6	50	9.090909090909092	0
K02341_downstream.fna.motif.h2_1.h2_2.h1_2	has CMsearch ref	High power (low covariation)	2.173186268412274	1.8129133566428557	2.107989642267512	0	64.02	41.891891891891895	45.806451612903224	6.451612903225806
K02356_downstream.fna.motif.h1_1	w/o ref	Conserved sequence (low covariation and power)	1.5440680443502757	1.3222192947339193	1.4825877695267675	0.2898644236701495	83.18	70.58823529411765	0	16.666666666666664
K02435_downstream.fna.motif.h2_2.h2_4.h1_3	has CMsearch ref	Conserved sequence (low covariation and power)	2.0718820073061255	1.7853298350107671	1.4292676664331685	0	76.96	42.73504273504273	16	0
K02435_downstream.fna.motif.h1_5.h2_1	has CMsearch ref	Conserved sequence (low covariation and power)	1.7781512503836436	1.7242758696007892	0.9175055095525466	0	69.28	23.728813559322035	18.571428571428573	0
K02503_downstream.fna.motif.h1_2	has CMsearch ref	High covariation	1.5440680443502757	1.4313637641589874	1.469674772551798	0.2982809149832576	62.87	35.294117647058826	8.333333333333332	33.33333333333333
K02668_downstream.fna.motif.h1_5	w/o ref	High covariation	1.7323937598229686	0.9030899869919436	1.0310042813635367	0.29581726947519765	51.99	45.28301886792453	5	41.66666666666667
K02700_downstream.fna.motif.h2_1	has CMsearch ref	Conserved sequence (low covariation and power)	1.8195439355418688	1.2787536009528289	1.0603200286882852	0	85.41	21.53846153846154	1.4285714285714286	0
K02700_downstream.fna.motif.h1_1	w/o ref	Conserved sequence (low covariation and power)	1.591064607026499	1.1139433523068367	0.9464522650130732	0	89.69	36.84210526315789	0	0
K02707_downstream.fna.motif.h1_5	has CMsearch ref	Conserved sequence (low covariation and power)	1.568201724066995	1.3222192947339193	0.9143431571194408	0.1234704047684025	67.33	33.33333333333333	6.666666666666667	16.666666666666664
K02707_downstream.fna.motif.h1_3	has CMsearch ref	Conserved sequence (low covariation and power)	1.57978359661681	1.2041199826559248	1.0766404436703418	0	81.86	59.45945945945946	1.8181818181818183	0
K02717_downstream.fna.motif.h2_1	w/o ref	Conserved sequence (low covariation and power)	1.9395192526186185	1.505149978319906	0.8000293592441343	0	85.33	48.837209302325576	7.142857142857142	0
K02835_downstream.fna.motif.h1_3	w/o ref	Conserved sequence (low covariation and power)	1.7242758696007892	1.792391689498254	1.4721711466923633	0	74.09	61.53846153846154	19.375	0
K02860_downstream.fna.motif.h1_5	w/o ref	Conserved sequence (low covariation and power)	1.6989700043360187	1.4471580313422192	1.5349141044298669	0.29512686513329	73.56	44.89795918367347	11.818181818181818	0
K02860_downstream.fna.motif.h2_2.h2_3	w/o ref	Conserved sequence (low covariation and power)	2.214843848047698	1.462397997898956	1.1866738674997452	0	89.21	45.39877300613497	4.594594594594594	0
K02860_downstream.fna.motif.h1_1	w/o ref	Conserved sequence (low covariation and power)	1.5440680443502757	1.3617278360175928	1.1997551772534747	0	88.78	41.17647058823529	4.285714285714286	14.285714285714285
K02874_downstream.fna.motif.h2_1	w/o ref	Conserved sequence (low covariation and power)	1.6720978579357175	0.7781512503836436	0.7512791039833423	0.32037064826192757	65.1	39.130434782608695	2.2222222222222223	11.11111111111111
K02874_downstream.fna.motif.h1_1	w/o ref	Conserved sequence (low covariation and power)	1.568201724066995	0.7781512503836436	0.8027737252919757	0.29890043156781304	69.69	33.33333333333333	0	0
K02967_downstream.fna.motif.h1_1	w/o ref	High covariation	1.6020599913279625	1.146128035678238	1.0740846890282438	0.29686737526772256	74.72	51.28205128205128	5	20
K02990_downstream.fna.motif.h1_2	w/o ref	Conserved sequence (low covariation and power)	1.4913616938342726	1.4313637641589874	0.9122220565324156	0	83.41	53.333333333333336	2.5	0
K03075_downstream.fna.motif.h2_5	has CMsearch ref	Conserved sequence (low covariation and power)	1.7160033436347992	1.5563025007672873	1.2588766293721312	0	85.75	50.98039215686274	8.461538461538462	0
K03075_downstream.fna.motif.h1_1	has CMsearch ref	Conserved sequence (low covariation and power)	1.6989700043360187	1.4471580313422192	0.7937903846908186	0	83.35	53.06122448979592	5.384615384615384	0
K03075_downstream.fna.motif.h2_2.h2_3.h2_4	has CMsearch ref	Conserved sequence (low covariation and power)	2.296665190261531	1.5563025007672873	1.0342272607705507	0	86.14	37.56345177664975	7.027027027027027	0
K03075_downstream.fna.motif.h1_2.h1_3	has CMsearch ref	Conserved sequence (low covariation and power)	1.8976270912904416	1.462397997898956	1.199480914862356	0	87.46	71.7948717948718	5.714285714285714	0
K03100_downstream.fna.motif.h2_2	w/o ref	High power (low covariation)	1.7708520116421442	1.591064607026499	1.0228406108765278	6.748987920222172e-4	66.9	44.827586206896555	20	7.6923076923076925
K03181_downstream.fna.motif.h1_3.h1_5.h1_1	w/o ref	Conserved sequence (low covariation and power)	2.0170333392987803	1.5314789170422551	0.9503648543761232	0.14233220305696756	78	31.06796116504854	13.125	0
K03328_downstream.fna.motif.h1_2	has CMsearch ref	High covariation	1.6334684555795866	1.6812412373755872	2.00021709297223	0	44.07	38.095238095238095	63.74999999999999	100
K03424_downstream.fna.motif.h2_1	w/o ref	Conserved sequence (low covariation and power)	1.806179973983887	1.568201724066995	1.272537777375237	0.03148222744976942	72.84	34.92063492063492	19.090909090909093	0
K03428_downstream.fna.motif.h1_3.h2_1	w/o ref	Conserved sequence (low covariation and power)	1.9344984512435677	1.462397997898956	0.9375178920173468	0	85.12	58.82352941176471	4.8	0
K03470_downstream.fna.motif.h2_1.h2_3	w/o ref	High power (low covariation)	2.0253058652647704	1.6901960800285136	2.142921057515615	0	66.03	53.333333333333336	25.357142857142858	0
K03499_downstream.fna.motif.h1_5	w/o ref	Conserved sequence (low covariation and power)	1.7708520116421442	1.4913616938342726	0.6522463410033232	0	77.11	20.689655172413794	11.666666666666666	0
K03499_downstream.fna.motif.h1_4.h2_3.h1_3	w/o ref	Conserved sequence (low covariation and power)	2.184691430817599	1.462397997898956	0.8254261177678232	0	90.98	57.89473684210527	2.5	0
K03501_downstream.fna.motif.h2_2	has CMsearch ref	High power (low covariation)	1.7481880270062005	1.7481880270062005	0.8369567370595504	0	70.46	47.27272727272727	30.76923076923077	0
K03524_downstream.fna.motif.h1_4	w/o ref	Conserved sequence (low covariation and power)	1.6334684555795866	1.3617278360175928	1.244771761495295	0	80.99	61.904761904761905	8.461538461538462	0
K03553_downstream.fna.motif.h2_1	has CMsearch ref	Conserved sequence (low covariation and power)	1.6989700043360187	1.4313637641589874	1.0195316845312554	0	76.73	53.06122448979592	14.615384615384611	0
K03555_downstream.fna.motif.h1_3.h2_2	w/o ref	High power (low covariation)	1.8750612633917	1.6720978579357175	1.465680211598278	0	69.65	54.054054054054056	25.5	0
K03605_downstream.fna.motif.h1_3	has CMsearch ref	Conserved sequence (low covariation and power)	1.6020599913279625	1.5440680443502757	1.3184807251745174	0	74.64	46.15384615384615	17.77777777777778	0
K03650_downstream.fna.motif.h1_4.h2_1	w/o ref	Conserved sequence (low covariation and power)	1.8750612633917	1.3010299956639813	1.0659529803138696	0.2829049804713132	86.43	45.94594594594595	1.1764705882352942	0
K03664_downstream.fna.motif.h2_4	has CMsearch ref	Conserved sequence (low covariation and power)	1.919078092376074	1.4913616938342726	0.9247959957979122	0	84.85	56.09756097560976	9.565217391304348	0
K03705_downstream.fna.motif.h2_1	w/o ref	Conserved sequence (low covariation and power)	1.740362689494244	1.230448921378274	0.8475726591421122	4.286435588827246e-13	77.34	66.66666666666666	6.111111111111112	0
K03727_downstream.fna.motif.h1_3.h2_4	w/o ref	Conserved sequence (low covariation and power)	2.110589710299249	1.6812412373755872	1.4553017716570764	0.05333971023200932	77.41	45.3125	15.517241379310343	0
K03727_downstream.fna.motif.h2_3	w/o ref	High power (low covariation)	1.6720978579357175	1.6020599913279625	0.6464037262230695	0	69.91	26.08695652173913	20	0
K03786_downstream.fna.motif.h1_1	w/o ref	High covariation	1.6434526764861874	1	1.5670263661590604	0.5468473030191687	63.54	69.76744186046511	4.666666666666666	26.666666666666668
K03800_downstream.fna.motif.h2_2	w/o ref	Conserved sequence (low covariation and power)	1.8976270912904416	1.5185139398778875	0.7481880270062005	0.29083542429604015	75.48	53.84615384615385	15.23809523809524	4.761904761904762
K03800_downstream.fna.motif.h1_4	has CMsearch ref	Conserved sequence (low covariation and power)	1.5563025007672873	1.4313637641589874	1.073351702386901	0.29599722325104566	84	57.14285714285714	4	0
K04075_downstream.fna.motif.h2_1	w/o ref	Conserved sequence (low covariation and power)	1.7853298350107671	1.4471580313422192	1.7879561232839318	0.2715237817932458	72.03	53.333333333333336	12.5	12.5
K04485_downstream.fna.motif.h1_4	w/o ref	Conserved sequence (low covariation and power)	1.505149978319906	1.6901960800285136	0.9633155113861112	0	74.54	64.51612903225806	12	0
K04485_downstream.fna.motif.h1_5.h2_1	w/o ref	High power (low covariation)	1.7993405494535817	1.7323937598229686	1.308777773664721	0	73.22	45.16129032258064	25.71428571428572	0
K04720_downstream.fna.motif.h1_3	w/o ref	High covariation	1.6901960800285136	1.462397997898956	1.344195715871435	0	74.62	20.833333333333336	4	20
K05377_downstream.fna.motif.h1_5	w/o ref	Conserved sequence (low covariation and power)	1.7160033436347992	1.4313637641589874	1.250420002308894	0.03221110628470699	79.43	47.05882352941176	6.666666666666667	0
K06045_downstream.fna.motif.h2_3	w/o ref	Conserved sequence (low covariation and power)	2.004321373782642	0.6989700043360189	1.0457140589408676	0.8744203511135017	66.34	60	0	0
K06199_downstream.fna.motif.h2_1	w/o ref	Conserved sequence (low covariation and power)	1.7242758696007892	1.3617278360175928	0.9556877503135056	0.04008435864561341	79.96	61.53846153846154	6.25	0
K06381_downstream.fna.motif.h1_4.h2_4.h2_3	w/o ref	High power (low covariation)	2.146128035678238	1.5185139398778875	0.9758911364017928	0.00547146098995735	69.73	35.97122302158273	20.4	0
K06442_downstream.fna.motif.h2_1	has CMsearch ref	Conserved sequence (low covariation and power)	1.7075701760979365	1.6812412373755872	1.3430144971507676	0	69.96	44	16.363636363636363	0
K06864_downstream.fna.motif.h1_3.h2_3	w/o ref	High power (low covariation)	1.8864907251724816	1.6901960800285136	1.92147838037569	4.4789520291368875e-5	69.33	52.63157894736842	20	10
K06872_downstream.fna.motif.h1_5	w/o ref	High power (low covariation)	1.8512583487190752	1.5314789170422551	1.0145205387579237	0	67.9	62.857142857142854	21.818181818181817	4.545454545454546
K06872_downstream.fna.motif.h1_3	has CMsearch ref	Conserved sequence (low covariation and power)	1.5440680443502757	1.7242758696007892	1.4557582031041367	0	74.28	41.17647058823529	11.428571428571429	0
K06891_downstream.fna.motif.h1_3	w/o ref	Conserved sequence (low covariation and power)	1.4913616938342726	1.3010299956639813	0.7299742856995556	0	86.39	60	1.1111111111111112	0
K06920_downstream.fna.motif.h1_1	w/o ref	Conserved sequence (low covariation and power)	1.6127838567197357	1.57978359661681	1.190611797813605	0	74.56	50	19	10
K07007_downstream.fna.motif.h1_1.h1_5	w/o ref	Conserved sequence (low covariation and power)	1.6720978579357175	1.4471580313422192	1.4584867637982069	0	77.54	47.82608695652174	6.363636363636363	18.181818181818183
K07037_downstream.fna.motif.h1_5	w/o ref	Conserved sequence (low covariation and power)	1.7323937598229686	1.505149978319906	1.1182647260894794	0.2658883130601722	79.91	37.735849056603776	10	0
K07071_downstream.fna.motif.h2_3	w/o ref	Conserved sequence (low covariation and power)	1.792391689498254	1.255272505103306	1.1967287226232868	0.00620829865191589	83.45	45.90163934426229	2.857142857142857	0
K07079_downstream.fna.motif.h2_2	w/o ref	Conserved sequence (low covariation and power)	1.7323937598229686	1.6989700043360187	0.7888751157754168	0	67.95	37.735849056603776	12	0
K07399_downstream.fna.motif.h2_1.h2_3	has CMsearch ref	High power (low covariation)	2.096910013008056	1.8260748027008264	1.17435059747938	0	67.82	19.35483870967742	20.833333333333336	0
K07399_downstream.fna.motif.h1_2	has CMsearch ref	High covariation	1.5185139398778875	1.740362689494244	1.1401936785786313	0	80.2	31.25	8	20
K08482_downstream.fna.motif.h2_1.h2_3	w/o ref	High power (low covariation)	2.05307844348342	1.806179973983887	0.761927838420529	0	66.65	10.714285714285714	28.333333333333332	0
K09775_downstream.fna.motif.h2_1	w/o ref	Conserved sequence (low covariation and power)	1.7075701760979365	1.380211241711606	0.7067177823367587	0	90.35	44	1.8181818181818183	0
K09919_downstream.fna.motif.h1_3	w/o ref	Conserved sequence (low covariation and power)	1.57978359661681	1.3617278360175928	0.9845273133437926	0	84.77	64.86486486486487	0.8333333333333334	0
K11325_downstream.fna.motif.h2_1	w/o ref	High covariation	1.6232492903979006	1.2041199826559248	0.670245853074124	0.28233271337076055	86.57	24.390243902439025	0	20
K12574_downstream.fna.motif.h1_2	w/o ref	Conserved sequence (low covariation and power)	1.5440680443502757	1.230448921378274	0.9175055095525466	0	89.12	58.82352941176471	0	0
K12574_downstream.fna.motif.h2_3	w/o ref	Conserved sequence (low covariation and power)	1.9344984512435677	1.4771212547196624	1.316599302093861	0.6004719164660735	83.23	51.76470588235295	5.909090909090909	0
K12574_downstream.fna.motif.h1_4	w/o ref	Conserved sequence (low covariation and power)	1.792391689498254	1.4913616938342726	1.500373714353374	0.28963086395070187	78.93	52.459016393442624	10	6.25
K13005_downstream.fna.motif.h1_1	w/o ref	High covariation	1.568201724066995	1.2041199826559248	1.2024883170600935	0.2957634226565859	60.12	22.22222222222222	7.5	75
K14441_downstream.fna.motif.h1_2	w/o ref	Conserved sequence (low covariation and power)	1.662757831681574	1.380211241711606	1.1646502159342966	0.22447038708519068	79.23	26.666666666666668	1.6666666666666667	16.666666666666664
K14441_downstream.fna.motif.h1_1	has CMsearch ref	High covariation	1.57978359661681	1.3010299956639813	1.1866738674997452	0.3408960218419913	82.23	43.24324324324324	1.25	25
K18678_downstream.fna.motif.h2_4	w/o ref	High power (low covariation)	1.8808135922807911	1.7075701760979365	0.9304395947667	0	66.13	48	28.333333333333332	0
K18678_downstream.fna.motif.h2_3	w/o ref	High power (low covariation)	1.869231719730976	1.7075701760979365	1.1723109685219542	0	69.77	32.87671232876712	33.33333333333333	8.333333333333332
K19032_downstream.fna.motif.h1_2	w/o ref	Conserved sequence (low covariation and power)	1.6532125137753435	1.3979400086720375	1.3102683666324475	0	78.74	59.09090909090909	6.923076923076923	0
K19294_downstream.fna.motif.h2_1	has CMsearch ref	High covariation	1.8573324964312683	1.4471580313422192	1.5817221599490987	0.5808314954122482	58.34	19.718309859154928	24.285714285714285	42.857142857142854
K21703_downstream.fna.motif.h1_2	w/o ref	High power (low covariation)	1.7242758696007892	1.740362689494244	1.024895960107485	0	76.13	53.84615384615385	20	0
K21703_downstream.fna.motif.h2_1	w/o ref	Conserved sequence (low covariation and power)	1.8808135922807911	1.792391689498254	1.1051694279993316	0	75.23	48	16.666666666666664	0
K21703_downstream.fna.motif.h1_1.h1_3	w/o ref	Conserved sequence (low covariation and power)	1.8260748027008264	1.7853298350107671	1.3877456596088638	0	78.39	51.51515151515152	17.647058823529413	0
